source_path,git_mode,git_blob_oid,source_size_bytes,source_sha256,projected_path,projected_size_bytes,projected_sha256,classification,byte_identity,public_status,public_release_eligible,record_status
.github/workflows/triadicgate-ci.yml,100644,50f40a8426edccf5a5577c7aa817959810c539a5,1783,455634185598edcae9e131085974c61c1224273959d8b8e8e2c416462447c92e,.github/workflows/triadicgate-ci.yml,1783,455634185598edcae9e131085974c61c1224273959d8b8e8e2c416462447c92e,RETIRED_INAPPLICABLE_UPSTREAM_INTEGRATION_WORKFLOW,TRUE_RETIRED_BASELINE,HOLD,false,RETIRED
.gitignore,100644,961a8d47b28d87b141753ad0ec3ff5957b71e6f9,305,d4f4633e7b903c08bde1768acb2040ba83aeacf313bbb2b502791a692228a9f9,.gitignore,305,d4f4633e7b903c08bde1768acb2040ba83aeacf313bbb2b502791a692228a9f9,INHERITED_HOLD_NUCLEUS,TRUE,HOLD,false,ACTIVE
AGENTS.md,100644,38726bed42dac89d724da7e1017660939439dbc3,1409,8f6f8fbd6669ec6b111792023df93218571b7d49c10a7eab560284194d83d9b5,AGENTS.md,1876,8695ca28dfab1c1fe456b1927909755caad109d941c24636781ebe2a09bf64c3,GH01_SUCCESSOR_MODIFIED,FALSE_GH01_SUCCESSOR_MODIFIED,HOLD,false,ACTIVE
LICENSE_NOT_YET_SELECTED.md,100644,843bfa8defb40f66858e6cc117974cbbdbd83e28,1016,ef41f1ffcfd3e2a77ef9c3ea8d67a06d02e16427ed0e844e793b9a7fdf926aca,LICENSE_NOT_YET_SELECTED.md,1016,ef41f1ffcfd3e2a77ef9c3ea8d67a06d02e16427ed0e844e793b9a7fdf926aca,RETIRED_RL02_OBSOLETE_LICENSE_PLACEHOLDER,TRUE_RETIRED_RL02_BASE,HOLD,false,RETIRED
README.md,100644,74fc14920b262b391cf282e2c5a688a837d29fe9,1097,00e3ed0d7dbd732fd3d4cdcfecddc0e13a09d7f9874d4f0fd11e9ee45ad1120b,README.md,4408,b90db2c0216d192c346e37aad34da6079f7ae7bee1b16d1f80902b1245933bf2,REPLACED_BY_RL02_BOUNDED_NOTICE_DOCUMENTATION,FALSE_RL02_REPLACED,HOLD,false,ACTIVE
components/CoherenceLattice/AGENTS.md,100644,34a350136d3c818f641d97959e9d9ca68ebec390,2222,6413524f1c00ade39e02327d7481158ffa0c1bcde137386974dd7750a5f7cfc6,components/CoherenceLattice/AGENTS.md,2222,6413524f1c00ade39e02327d7481158ffa0c1bcde137386974dd7750a5f7cfc6,INHERITED_HOLD_NUCLEUS,TRUE,HOLD,false,ACTIVE
components/CoherenceLattice/README.md,100644,758c6e896ced3db9673095a0ca070a6c7edeea7b,34382,d62e62e6ab4b8793e08b340d2a23770923529fef17e7cad387bde473c468b318,components/CoherenceLattice/README.md,1778,144f438a4e6e5b23e83bbe68ad94fb48ea629b163e8f1f2c321e9812f9be9095,REPLACED_BY_RL02_BOUNDED_NOTICE_DOCUMENTATION,FALSE_RL02_REPLACED,HOLD,false,ACTIVE
components/CoherenceLattice/docs/architecture/UVLM_TRIADIC_COGNITION_CORE_V1.md,100644,6ef872ad1d8f2d7183010c98f1e5e51ff5164cd5,5327,0c0a00c541cb50d3d41f45af65ecd5a7f1769119b9d668cfc9f8c17e9e024240,components/CoherenceLattice/docs/architecture/UVLM_TRIADIC_COGNITION_CORE_V1.md,5327,0c0a00c541cb50d3d41f45af65ecd5a7f1769119b9d668cfc9f8c17e9e024240,INHERITED_HOLD_NUCLEUS,TRUE,HOLD,false,ACTIVE
components/CoherenceLattice/docs/architecture/local_alpha_product_runtime_manifest_candidate_v0_1.json,100644,bbceed2f61a406d7d330f5964d6612c41a6acb6c,3143,c2a3d76ca0f0346e02e1aef35844f4ff4533dca50a0cc1e6f304c3f6c0b9de96,components/CoherenceLattice/docs/architecture/local_alpha_product_runtime_manifest_candidate_v0_1.json,3143,c2a3d76ca0f0346e02e1aef35844f4ff4533dca50a0cc1e6f304c3f6c0b9de96,INHERITED_HOLD_NUCLEUS,TRUE,HOLD,false,ACTIVE
components/CoherenceLattice/docs/architecture/local_alpha_product_runtime_manifest_candidate_v0_1.schema.json,100644,79b988d05d60a493ee475f589b30ddee041fa397,886,184f39488bd33c59832a2e6db45316c80a7a21cf10aa5d28abb9e836bfb9776c,components/CoherenceLattice/docs/architecture/local_alpha_product_runtime_manifest_candidate_v0_1.schema.json,886,184f39488bd33c59832a2e6db45316c80a7a21cf10aa5d28abb9e836bfb9776c,INHERITED_HOLD_NUCLEUS,TRUE,HOLD,false,ACTIVE
components/CoherenceLattice/docs/architecture/local_alpha_repo_housekeeping_product_manifest_preflight_v0_1.json,100644,ae8c52e6e17b2a8f75e690fdaed946feb3d66873,4153,0bd15f57541f59cb844981505a31f2592131af2f5b971198fe3b68cc164bfcec,components/CoherenceLattice/docs/architecture/local_alpha_repo_housekeeping_product_manifest_preflight_v0_1.json,4153,0bd15f57541f59cb844981505a31f2592131af2f5b971198fe3b68cc164bfcec,INHERITED_HOLD_NUCLEUS,TRUE,HOLD,false,ACTIVE
components/CoherenceLattice/docs/architecture/local_alpha_repo_housekeeping_product_manifest_preflight_v0_1.schema.json,100644,5a64c5cec26366f2377f2c0e726615aa7db8cf7a,1378,7f15014e23e1ed56934b39674da2f52aac820e1091fdefbb85258a2101ce97dd,components/CoherenceLattice/docs/architecture/local_alpha_repo_housekeeping_product_manifest_preflight_v0_1.schema.json,1378,7f15014e23e1ed56934b39674da2f52aac820e1091fdefbb85258a2101ce97dd,INHERITED_HOLD_NUCLEUS,TRUE,HOLD,false,ACTIVE
components/CoherenceLattice/pyproject.toml,100644,2bb9b12d5837ba68119c6921a010fe1d235fa5ca,1089,d97f9f34f5cd7f8ea783c5f043a09985b684b63be2f19a6c5ac55ab0a01fb167,components/CoherenceLattice/pyproject.toml,1089,d97f9f34f5cd7f8ea783c5f043a09985b684b63be2f19a6c5ac55ab0a01fb167,INHERITED_HOLD_NUCLEUS,TRUE,HOLD,false,ACTIVE
components/CoherenceLattice/python/src/coherence/__init__.py,100644,134759c657bf5cb41618c1d1862f147c00794830,361,810685e2a03d746c7200dba90dcc828aaba667ffa72647f52a13edd8029b59af,components/CoherenceLattice/python/src/coherence/__init__.py,361,810685e2a03d746c7200dba90dcc828aaba667ffa72647f52a13edd8029b59af,INHERITED_HOLD_NUCLEUS,TRUE,HOLD,false,ACTIVE
components/CoherenceLattice/python/src/coherence/aegis/__init__.py,100644,b7523c6c1f7394612234201fd0d2b6f4dcd2fdf6,1887,bd9d82ae17d1736fe39c222bd15338263c8a52e98d11c56a3a67fd28fe148aa8,components/CoherenceLattice/python/src/coherence/aegis/__init__.py,1887,bd9d82ae17d1736fe39c222bd15338263c8a52e98d11c56a3a67fd28fe148aa8,INHERITED_HOLD_NUCLEUS,TRUE,HOLD,false,ACTIVE
components/CoherenceLattice/python/src/coherence/aegis/action_firewall.py,100644,35c06fe958d105df873954f9c6d1c101f37b57b6,9228,37bf9d5371267afbf4378d3d13f70f8d8f9b00b41df1785e19cdc6ad6cfd4001,components/CoherenceLattice/python/src/coherence/aegis/action_firewall.py,9228,37bf9d5371267afbf4378d3d13f70f8d8f9b00b41df1785e19cdc6ad6cfd4001,INHERITED_HOLD_NUCLEUS,TRUE,HOLD,false,ACTIVE
components/CoherenceLattice/python/src/coherence/aegis/admission.py,100644,5a5cbac1ee52b3e316a9b2d59acf2cdfbe24e491,15627,aed764a9952173a85a69b21fa25211e854cf12e495a1a7afe9e7cba60ae23edd,components/CoherenceLattice/python/src/coherence/aegis/admission.py,15627,aed764a9952173a85a69b21fa25211e854cf12e495a1a7afe9e7cba60ae23edd,INHERITED_HOLD_NUCLEUS,TRUE,HOLD,false,ACTIVE
components/CoherenceLattice/python/src/coherence/aegis/consent_check.py,100644,ef1e8afa4754650ca92721657eb2eaa5adc546cd,4166,552d4a945c933aadc69d54d61affa4e027c12977918b5d72e426c5ea93ab10e1,components/CoherenceLattice/python/src/coherence/aegis/consent_check.py,4166,552d4a945c933aadc69d54d61affa4e027c12977918b5d72e426c5ea93ab10e1,INHERITED_HOLD_NUCLEUS,TRUE,HOLD,false,ACTIVE
components/CoherenceLattice/python/src/coherence/aegis/failure_receipt.py,100644,8cf37e2000854be6fd2f6d3897de30e1b13374a4,1010,75b1e30cd119471a7b6a5610840b409e62ff5f6b2cb10f0c088764758a9bdd37,components/CoherenceLattice/python/src/coherence/aegis/failure_receipt.py,1010,75b1e30cd119471a7b6a5610840b409e62ff5f6b2cb10f0c088764758a9bdd37,INHERITED_HOLD_NUCLEUS,TRUE,HOLD,false,ACTIVE
components/CoherenceLattice/python/src/coherence/aegis/grounding_binding.py,100644,61cb4d56cc8245bdcad70768a5fda75569cb06f3,8082,9595fc44cf4caf515502f1fe1d8c117df93a6aa3fe77c13216121ee18b246e47,components/CoherenceLattice/python/src/coherence/aegis/grounding_binding.py,8082,9595fc44cf4caf515502f1fe1d8c117df93a6aa3fe77c13216121ee18b246e47,INHERITED_HOLD_NUCLEUS,TRUE,HOLD,false,ACTIVE
components/CoherenceLattice/python/src/coherence/aegis/instruction_quarantine.py,100644,6e1e9e4b94b3ff98272eabf1f12a9ff51db495ae,9826,206131ded5b28e9da992d24441d4fd16a2c01c19af436e9d5f6abb785a67d0da,components/CoherenceLattice/python/src/coherence/aegis/instruction_quarantine.py,9826,206131ded5b28e9da992d24441d4fd16a2c01c19af436e9d5f6abb785a67d0da,INHERITED_HOLD_NUCLEUS,TRUE,HOLD,false,ACTIVE
components/CoherenceLattice/python/src/coherence/aegis/local_runtime_enforcement_adapter.py,100644,8ed2fe653c8ee361a0dc1a5cc5b245dc15be181b,12289,574973e2d32b2f8f4ea5ef2450e551a866fa9e123a285cf60510caccaf421a19,components/CoherenceLattice/python/src/coherence/aegis/local_runtime_enforcement_adapter.py,12289,574973e2d32b2f8f4ea5ef2450e551a866fa9e123a285cf60510caccaf421a19,INHERITED_HOLD_NUCLEUS,TRUE,HOLD,false,ACTIVE
components/CoherenceLattice/python/src/coherence/aegis/model_candidate_gate.py,100644,ae2a303bb0dfa6a0d59fe7c3f06a3f97cae2321c,10809,b7d21ef86e27e4bff54148363a0388aa5e37098250ed429ff03be74ab6227733,components/CoherenceLattice/python/src/coherence/aegis/model_candidate_gate.py,10809,b7d21ef86e27e4bff54148363a0388aa5e37098250ed429ff03be74ab6227733,INHERITED_HOLD_NUCLEUS,TRUE,HOLD,false,ACTIVE
components/CoherenceLattice/python/src/coherence/aegis/policy.py,100644,7cf890b890be3b63a8e5655dafe4460fcffc753b,51694,d19eb7085a5dea5344d4302e0c310b48036100f70a067e5ddb4f9576652f48dc,components/CoherenceLattice/python/src/coherence/aegis/policy.py,51694,d19eb7085a5dea5344d4302e0c310b48036100f70a067e5ddb4f9576652f48dc,INHERITED_HOLD_NUCLEUS,TRUE,HOLD,false,ACTIVE
components/CoherenceLattice/python/src/coherence/aegis/receipt_chain_export.py,100644,78719f023bd98f3422c9a06039490bdd6dc8f38f,10343,476a0261329c77990bdb8297c5cbc67c2fcea485e7996770304ffff83a8613f7,components/CoherenceLattice/python/src/coherence/aegis/receipt_chain_export.py,10343,476a0261329c77990bdb8297c5cbc67c2fcea485e7996770304ffff83a8613f7,INHERITED_HOLD_NUCLEUS,TRUE,HOLD,false,ACTIVE
components/CoherenceLattice/python/src/coherence/aegis/source_scope.py,100644,a3ab63a9bc0ffa4768368f70f99312221a7a7ca3,6193,0120a8a6fde102b64616c305aeec7d2f456e8ac017a123c85f89c80ccc75f6f3,components/CoherenceLattice/python/src/coherence/aegis/source_scope.py,6193,0120a8a6fde102b64616c305aeec7d2f456e8ac017a123c85f89c80ccc75f6f3,INHERITED_HOLD_NUCLEUS,TRUE,HOLD,false,ACTIVE
components/CoherenceLattice/python/src/coherence/aegis/totality_admission.py,100644,b320a37f741611467d24073576f33a07e99a0c1a,11399,02fcd90ae8df386bdde9b8c3234dd023164344445441bd4f4e81c3776683d4ad,components/CoherenceLattice/python/src/coherence/aegis/totality_admission.py,11399,02fcd90ae8df386bdde9b8c3234dd023164344445441bd4f4e81c3776683d4ad,INHERITED_HOLD_NUCLEUS,TRUE,HOLD,false,ACTIVE
components/CoherenceLattice/python/src/coherence/aegis/types.py,100644,e1cc7aef7a2c1de82d1949aa9220e3cfeba4860b,597,fa40b35f08a33c06901db161b1350e21d22a421a99ae9e35c8f507854d0b8040,components/CoherenceLattice/python/src/coherence/aegis/types.py,597,fa40b35f08a33c06901db161b1350e21d22a421a99ae9e35c8f507854d0b8040,INHERITED_HOLD_NUCLEUS,TRUE,HOLD,false,ACTIVE
components/CoherenceLattice/python/src/coherence/aegis/ui_preflight_status_surface.py,100644,0d8fc44388ab3d3eee95cacbffb34a3f9c0b69be,17112,752ae5c33ef329a9de85949cda51866d0758ffb555b5cf586c8eeec094a07549,components/CoherenceLattice/python/src/coherence/aegis/ui_preflight_status_surface.py,17112,752ae5c33ef329a9de85949cda51866d0758ffb555b5cf586c8eeec094a07549,INHERITED_HOLD_NUCLEUS,TRUE,HOLD,false,ACTIVE
components/CoherenceLattice/python/src/coherence/aha/__init__.py,100644,29e9e990a82b558ed9abe676ca188457ffe1a416,207,32b31d0484a2488cf01141a2403d7b8497f1675e713aa8a835540a6c8401093e,components/CoherenceLattice/python/src/coherence/aha/__init__.py,207,32b31d0484a2488cf01141a2403d7b8497f1675e713aa8a835540a6c8401093e,INHERITED_HOLD_NUCLEUS,TRUE,HOLD,false,ACTIVE
components/CoherenceLattice/python/src/coherence/aha/cli.py,100644,ff1f9bbcffd35a1e3cdcb7a82e2ee4f0549e5d13,655,cdbbd4eb6a250b6db785d27cb36e6482f5260a326b9d403623e61bd777b73a7e,components/CoherenceLattice/python/src/coherence/aha/cli.py,655,cdbbd4eb6a250b6db785d27cb36e6482f5260a326b9d403623e61bd777b73a7e,INHERITED_HOLD_NUCLEUS,TRUE,HOLD,false,ACTIVE
components/CoherenceLattice/python/src/coherence/aha/engine.py,100644,fa942b370bb41f08525065f70946cc74e7e25169,6822,a138e10e134003a5772b19497f4f0f262e23fc3fff7af91bfc6e243731341a34,components/CoherenceLattice/python/src/coherence/aha/engine.py,6822,a138e10e134003a5772b19497f4f0f262e23fc3fff7af91bfc6e243731341a34,INHERITED_HOLD_NUCLEUS,TRUE,HOLD,false,ACTIVE
components/CoherenceLattice/python/src/coherence/aha/models.py,100644,e05510dc3539b88f519deb7a340fb5a5f5f9823b,6891,a046e3edc204cc82520356c031368ea5c1dc9bd436cc647d2743fd2535e2e1c8,components/CoherenceLattice/python/src/coherence/aha/models.py,6891,a046e3edc204cc82520356c031368ea5c1dc9bd436cc647d2743fd2535e2e1c8,INHERITED_HOLD_NUCLEUS,TRUE,HOLD,false,ACTIVE
components/CoherenceLattice/python/src/coherence/aha/web.py,100644,d6a4ee7adcf2785e80a5226e9dcb0d7081c5795a,13843,e7d599d9fd25dff206904e3dfa67e6b0b04612160b64f6f9df695b78a64c787d,components/CoherenceLattice/python/src/coherence/aha/web.py,13843,e7d599d9fd25dff206904e3dfa67e6b0b04612160b64f6f9df695b78a64c787d,INHERITED_HOLD_NUCLEUS,TRUE,HOLD,false,ACTIVE
components/CoherenceLattice/python/src/coherence/aha/workflow.py,100644,f11c68bec67c82f8dbff61c46cba0d5b21ef858c,7798,3485cb9f129fa43794f4802c9acf8de9448e7e2eeba7ee4f04af7d3bfa05ebac,components/CoherenceLattice/python/src/coherence/aha/workflow.py,7798,3485cb9f129fa43794f4802c9acf8de9448e7e2eeba7ee4f04af7d3bfa05ebac,INHERITED_HOLD_NUCLEUS,TRUE,HOLD,false,ACTIVE
components/CoherenceLattice/python/src/coherence/context/__init__.py,100644,9eeef6d33cde090bcb0cb02f64abaad24166bb0e,19,6d817893f6d8b49cd271b45c1b2c577da394604344807566a7f8907e9e0a6ed4,components/CoherenceLattice/python/src/coherence/context/__init__.py,19,6d817893f6d8b49cd271b45c1b2c577da394604344807566a7f8907e9e0a6ed4,ADDITIONAL_INHERITED_ROUTE_DEPENDENCY,TRUE,HOLD,false,ACTIVE
components/CoherenceLattice/python/src/coherence/context/symbol_normalize.py,100644,ebd62dc58632745a1c5c3de42e161b8aa87190b0,3552,25b22d0bba3214855c315bd0d286df56f3581c5184c2c204e1f98784e1d3b449,components/CoherenceLattice/python/src/coherence/context/symbol_normalize.py,3552,25b22d0bba3214855c315bd0d286df56f3581c5184c2c204e1f98784e1d3b449,ADDITIONAL_INHERITED_ROUTE_DEPENDENCY,TRUE,HOLD,false,ACTIVE
components/CoherenceLattice/python/src/coherence/grounding/__init__.py,100644,a7d6b97efbd31bd644961cfa4b50ce6a716b084d,396,dbfc2ecd9bee99f57553c4563b8ad8904c4ffc46574d1fbb394b5e855cbdb6b1,components/CoherenceLattice/python/src/coherence/grounding/__init__.py,396,dbfc2ecd9bee99f57553c4563b8ad8904c4ffc46574d1fbb394b5e855cbdb6b1,ADDITIONAL_INHERITED_ROUTE_DEPENDENCY,TRUE,HOLD,false,ACTIVE
components/CoherenceLattice/python/src/coherence/grounding/bundle_builder.py,100644,06e151f75d15c3afccb9c94ccc6d1c137f386143,4324,f98bec8f636c9e068f1b663325d550a5895b948532bfaa0f8b8ab3da281055a7,components/CoherenceLattice/python/src/coherence/grounding/bundle_builder.py,4324,f98bec8f636c9e068f1b663325d550a5895b948532bfaa0f8b8ab3da281055a7,ADDITIONAL_INHERITED_ROUTE_DEPENDENCY,TRUE,HOLD,false,ACTIVE
components/CoherenceLattice/python/src/coherence/grounding/bundle_manifest.py,100644,261734786a0c280b53032ead98da6637a3e5bccf,993,f4ddf7c98e86d5a6b5567d0c906355862a400f2d1ec983f749ad95ae89a94cb3,components/CoherenceLattice/python/src/coherence/grounding/bundle_manifest.py,993,f4ddf7c98e86d5a6b5567d0c906355862a400f2d1ec983f749ad95ae89a94cb3,ADDITIONAL_INHERITED_ROUTE_DEPENDENCY,TRUE,HOLD,false,ACTIVE
components/CoherenceLattice/python/src/coherence/grounding/text_decode.py,100644,e16027e1ed00ac8caf12b6c126f7e399139cede9,5175,bf03aa5219f11167bd999951f0e33f07f17e4036df82ece3950b1e4e8891dae0,components/CoherenceLattice/python/src/coherence/grounding/text_decode.py,5175,bf03aa5219f11167bd999951f0e33f07f17e4036df82ece3950b1e4e8891dae0,ADDITIONAL_INHERITED_ROUTE_DEPENDENCY,TRUE,HOLD,false,ACTIVE
components/CoherenceLattice/python/src/coherence/totality/__init__.py,100644,807aba33b5516566da9355fc9d98bf445caf5eed,1750,fe45d53baf3caf5166bd96189e9ec20cd8baa80285668219bda20d6895546dd5,components/CoherenceLattice/python/src/coherence/totality/__init__.py,1750,fe45d53baf3caf5166bd96189e9ec20cd8baa80285668219bda20d6895546dd5,INHERITED_HOLD_NUCLEUS,TRUE,HOLD,false,ACTIVE
components/CoherenceLattice/python/src/coherence/totality/__main__.py,100644,eb53e2f31b2f703ad32ef64b8a41faa3e7d18e08,48,935a1c1166b0c1ea35a82256345000bf2c73ded718d77773bc27a71ecce28f7d,components/CoherenceLattice/python/src/coherence/totality/__main__.py,48,935a1c1166b0c1ea35a82256345000bf2c73ded718d77773bc27a71ecce28f7d,INHERITED_HOLD_NUCLEUS,TRUE,HOLD,false,ACTIVE
components/CoherenceLattice/python/src/coherence/totality/adapter.py,100644,e58998ac08d8f849fe8130e18c074a443f2e52f0,23895,06f53ab424daf330a33cf2b7a4d1b45ee240e81caac6c6accd7665e7179a628c,components/CoherenceLattice/python/src/coherence/totality/adapter.py,23895,06f53ab424daf330a33cf2b7a4d1b45ee240e81caac6c6accd7665e7179a628c,INHERITED_HOLD_NUCLEUS,TRUE,HOLD,false,ACTIVE
components/CoherenceLattice/python/src/coherence/totality/aha.py,100644,75ec9bffda76e205b24a6c82534b04af81558206,9358,9aff48cbb2a5613165a56b56e1ae0bee5120af2a1125f59c824ccc3b6bda2f1f,components/CoherenceLattice/python/src/coherence/totality/aha.py,9358,9aff48cbb2a5613165a56b56e1ae0bee5120af2a1125f59c824ccc3b6bda2f1f,INHERITED_HOLD_NUCLEUS,TRUE,HOLD,false,ACTIVE
components/CoherenceLattice/python/src/coherence/totality/aperture.py,100644,55980d95a4ef348c57a55fc185191436ff68bd7b,3776,89e3a0578c9ae4f86b764ceb101bc714245774fc631b06216a4444ce62fb20a0,components/CoherenceLattice/python/src/coherence/totality/aperture.py,3776,89e3a0578c9ae4f86b764ceb101bc714245774fc631b06216a4444ce62fb20a0,INHERITED_HOLD_NUCLEUS,TRUE,HOLD,false,ACTIVE
components/CoherenceLattice/python/src/coherence/totality/atlas_contract.py,100644,b3d59f8c081a7ea7aa6cb60820c45f7870aef134,5788,86242bec3a6f86542cf62cac246ded363455e2f56f6a1bbac43bd7dcdd6b3c03,components/CoherenceLattice/python/src/coherence/totality/atlas_contract.py,5788,86242bec3a6f86542cf62cac246ded363455e2f56f6a1bbac43bd7dcdd6b3c03,INHERITED_HOLD_NUCLEUS,TRUE,HOLD,false,ACTIVE
components/CoherenceLattice/python/src/coherence/totality/canonical.py,100644,d456f98e0e0395971b5f417380f7b9671d63209d,10660,b1c7956e2b353718a62acba419ede2b4cc471429c8612c073a0c27ca54c376e2,components/CoherenceLattice/python/src/coherence/totality/canonical.py,10903,21865be2f04951870710dec4e36d0c3c93378e4e32711c2de7adcf8eb090dcd7,RL02_UNICODE_PROVENANCE_COMMENT_ONLY,FALSE_RL02_PROVENANCE_COMMENT_ONLY,HOLD,false,ACTIVE
components/CoherenceLattice/python/src/coherence/totality/claims.py,100644,1e41e074c1dffec5cb0f5a3431bc98d346b31da3,8497,8a6e2e3fa03da565995d6fe410088547ef0ec7adf9aca90d2a4b5f75c375f5b5,components/CoherenceLattice/python/src/coherence/totality/claims.py,8497,8a6e2e3fa03da565995d6fe410088547ef0ec7adf9aca90d2a4b5f75c375f5b5,ADDITIONAL_INHERITED_ROUTE_DEPENDENCY,TRUE,HOLD,false,ACTIVE
components/CoherenceLattice/python/src/coherence/totality/cli.py,100644,288d104757b3c3292732f2d587fdeae7e01725b8,47073,41dccf621f2cc8223717d4426e67cd48c12bf1db1a4137e8619d15f1170a687f,components/CoherenceLattice/python/src/coherence/totality/cli.py,47073,41dccf621f2cc8223717d4426e67cd48c12bf1db1a4137e8619d15f1170a687f,INHERITED_HOLD_NUCLEUS,TRUE,HOLD,false,ACTIVE
components/CoherenceLattice/python/src/coherence/totality/counterexamples.py,100644,1efcfb9b3cd91906eea5e316c5a5aff9ab05758e,3384,25ed844e89b70cad752798bd754d0a48aab0efa9a1bb7f9fb69979863198dd93,components/CoherenceLattice/python/src/coherence/totality/counterexamples.py,3384,25ed844e89b70cad752798bd754d0a48aab0efa9a1bb7f9fb69979863198dd93,ADDITIONAL_INHERITED_ROUTE_DEPENDENCY,TRUE,HOLD,false,ACTIVE
components/CoherenceLattice/python/src/coherence/totality/errors.py,100644,1917e7fe5277cdbed000d64392d9a0befb635c8b,425,df194b16f83bf2f080805266ed11367e231634a6e7146886bea250dc7a765455,components/CoherenceLattice/python/src/coherence/totality/errors.py,425,df194b16f83bf2f080805266ed11367e231634a6e7146886bea250dc7a765455,INHERITED_HOLD_NUCLEUS,TRUE,HOLD,false,ACTIVE
components/CoherenceLattice/python/src/coherence/totality/grounding.py,100644,2fcb7b00b977e9c7919927a91bd82f05f36332c1,12457,16a35f99a1142980ef670e1a5255d345f493fdfd1c74e21138213d0387d8211b,components/CoherenceLattice/python/src/coherence/totality/grounding.py,12457,16a35f99a1142980ef670e1a5255d345f493fdfd1c74e21138213d0387d8211b,INHERITED_HOLD_NUCLEUS,TRUE,HOLD,false,ACTIVE
components/CoherenceLattice/python/src/coherence/totality/inactive_routes.py,100644,26a1a9739516797e866c32118dc446abf91680e6,2182,b06c7d2330c1e87635e3076515a8a9d5b46a2674a410941297bb61b61fdedf58,components/CoherenceLattice/python/src/coherence/totality/inactive_routes.py,2182,b06c7d2330c1e87635e3076515a8a9d5b46a2674a410941297bb61b61fdedf58,INHERITED_HOLD_NUCLEUS,TRUE,HOLD,false,ACTIVE
components/CoherenceLattice/python/src/coherence/totality/plugins.py,100644,edce49eecd93aca301cdef3e625fd17b5a79b2a0,5189,227d30057b5f0a999f70d7552192c8e9a3ec8854cb41cf24e45244b67eda15be,components/CoherenceLattice/python/src/coherence/totality/plugins.py,5189,227d30057b5f0a999f70d7552192c8e9a3ec8854cb41cf24e45244b67eda15be,INHERITED_HOLD_NUCLEUS,TRUE,HOLD,false,ACTIVE
components/CoherenceLattice/python/src/coherence/totality/pmr.py,100644,86a3b677ab69ad141297b9108cc50d72bc04c8a9,11895,89ff5b88c1590cab3e715fa9c42699179b0e2c9aff184b1f0c61c7153c5b77a4,components/CoherenceLattice/python/src/coherence/totality/pmr.py,11895,89ff5b88c1590cab3e715fa9c42699179b0e2c9aff184b1f0c61c7153c5b77a4,INHERITED_HOLD_NUCLEUS,TRUE,HOLD,false,ACTIVE
components/CoherenceLattice/python/src/coherence/totality/request.py,100644,83bf85ec5c69ece1d392c27c0fb243abfd392956,9760,1d39ed6b6260e35a97c6ea6d8e2c84d512cbf68cbb0b1cf10ce0a8d1a9c85dfd,components/CoherenceLattice/python/src/coherence/totality/request.py,9760,1d39ed6b6260e35a97c6ea6d8e2c84d512cbf68cbb0b1cf10ce0a8d1a9c85dfd,INHERITED_HOLD_NUCLEUS,TRUE,HOLD,false,ACTIVE
components/CoherenceLattice/python/src/coherence/totality/schema_runtime.py,100644,cb4560aac978812a24da373185f3c92e1597ca47,3716,61f39fc78ae67d8b4136d7a3d458ccfa387a87b5a7f1aa46752da7f09adbb1e8,components/CoherenceLattice/python/src/coherence/totality/schema_runtime.py,3716,61f39fc78ae67d8b4136d7a3d458ccfa387a87b5a7f1aa46752da7f09adbb1e8,INHERITED_HOLD_NUCLEUS,TRUE,HOLD,false,ACTIVE
components/CoherenceLattice/python/src/coherence/totality/schemas/candidate_packet.v1.schema.json,100644,0b942ecf675a94897ed7b1cafabfc3affe6c776e,4491,c704337a1886f776898af7b84e1239aae9085323e2594da8b204507bf414733b,components/CoherenceLattice/python/src/coherence/totality/schemas/candidate_packet.v1.schema.json,4491,c704337a1886f776898af7b84e1239aae9085323e2594da8b204507bf414733b,INHERITED_HOLD_NUCLEUS,TRUE,HOLD,false,ACTIVE
components/CoherenceLattice/python/src/coherence/totality/schemas/grounding_bundle.v1.schema.json,100644,28a85dfc8adf220dd018373c333bb51b14be92fe,1662,9b87fd3c57bd2f6d1b4e1c2256d1740958fc2eb9024fe52ffeeab43d019996a2,components/CoherenceLattice/python/src/coherence/totality/schemas/grounding_bundle.v1.schema.json,1662,9b87fd3c57bd2f6d1b4e1c2256d1740958fc2eb9024fe52ffeeab43d019996a2,INHERITED_HOLD_NUCLEUS,TRUE,HOLD,false,ACTIVE
components/CoherenceLattice/python/src/coherence/totality/schemas/request_envelope.v1.schema.json,100644,c547346be0295587c6c33063b0d3a8e085e8ca91,4132,efc6b63c4603307762096dcd201ad023a40f5421a00b75b64973c9a8d4ee2d3b,components/CoherenceLattice/python/src/coherence/totality/schemas/request_envelope.v1.schema.json,4132,efc6b63c4603307762096dcd201ad023a40f5421a00b75b64973c9a8d4ee2d3b,INHERITED_HOLD_NUCLEUS,TRUE,HOLD,false,ACTIVE
components/CoherenceLattice/python/src/coherence/totality/seal.py,100644,f4875fea4e5474c68aaec9096a4611bc2b0647a5,37788,6363ffac9183c05b5f3ca8aa5d452e6b95d3e59872b481f09ade77d9f3a905ec,components/CoherenceLattice/python/src/coherence/totality/seal.py,37788,6363ffac9183c05b5f3ca8aa5d452e6b95d3e59872b481f09ade77d9f3a905ec,INHERITED_HOLD_NUCLEUS,TRUE,HOLD,false,ACTIVE
components/CoherenceLattice/python/src/coherence/totality/tel.py,100644,31593026e40566be4802f2209c4f5a0d6de7eed2,10777,a7945761e8ec86f641b85e666466a7ce9e99f7d6bd214525d2cd8490f835beaf,components/CoherenceLattice/python/src/coherence/totality/tel.py,10777,a7945761e8ec86f641b85e666466a7ce9e99f7d6bd214525d2cd8490f835beaf,INHERITED_HOLD_NUCLEUS,TRUE,HOLD,false,ACTIVE
components/CoherenceLattice/python/src/coherence/totality/ucm.py,100644,234296b1589c2e7eff906bce1f233db55c850b8e,11182,d253de29d75582fdb19a11986ea8098337986f37be55e1f76163cfd827ddbfbd,components/CoherenceLattice/python/src/coherence/totality/ucm.py,11182,d253de29d75582fdb19a11986ea8098337986f37be55e1f76163cfd827ddbfbd,INHERITED_HOLD_NUCLEUS,TRUE,HOLD,false,ACTIVE
components/CoherenceLattice/python/src/coherence/totality/waveform.py,100644,167584cc3202c0a322f0c0807412ec9d3ff2b047,1936,acd80755b6770b02df60c709ca9e3059fb231b4d41a8e5927817f6efdd3679ba,components/CoherenceLattice/python/src/coherence/totality/waveform.py,1936,acd80755b6770b02df60c709ca9e3059fb231b4d41a8e5927817f6efdd3679ba,INHERITED_HOLD_NUCLEUS,TRUE,HOLD,false,ACTIVE
components/CoherenceLattice/python/tests/product/test_r3_actual_runtime_boundaries.py,100644,a53723af656878345915965c61b57d7b2cccf31a,20751,f40a13a11db4b7d4323b95ec77aa83a4bd001d3596618fcc81eab9b8337ce66c,components/CoherenceLattice/python/tests/product/test_r3_actual_runtime_boundaries.py,21005,0d0839615d4de2d4e56fd50a899a13de9496b3266bce826fd4124cc804de9b0c,RL02_UNICODE_PROVENANCE_COMMENT_ONLY,FALSE_RL02_PROVENANCE_COMMENT_ONLY,HOLD,false,ACTIVE
components/CoherenceLattice/python/tests/product/test_r3_bounded_inactive_contracts.py,100644,3c9de6a72d109678506aef32c27de7d4063062d1,8548,0ea65135535469e9b5f6432b0147488c7926af4fb440c7f271f90c87a090edea,components/CoherenceLattice/python/tests/product/test_r3_bounded_inactive_contracts.py,8548,0ea65135535469e9b5f6432b0147488c7926af4fb440c7f271f90c87a090edea,INHERITED_HOLD_NUCLEUS,TRUE,HOLD,false,ACTIVE
components/CoherenceLattice/python/tests/product/test_totality_core.py,100644,571e6f52ba84c23740a4672fe470e937c5071b76,86620,7ccbcc6b80687d6b40f52462e3803cb5634a14340f8ce343c108a44050dce32c,components/CoherenceLattice/python/tests/product/test_totality_core.py,86620,7ccbcc6b80687d6b40f52462e3803cb5634a14340f8ce343c108a44050dce32c,INHERITED_HOLD_NUCLEUS,TRUE,HOLD,false,ACTIVE
components/CoherenceLattice/schema/totality/adapter_contract.v1.schema.json,100644,511109d6fc0ca1ff274a069509137e51c32c68aa,1878,2d4d5c944e4cba1c99d6923c4ebc8130ac74c802e57d14de8e5e7be05b9e3006,components/CoherenceLattice/schema/totality/adapter_contract.v1.schema.json,1878,2d4d5c944e4cba1c99d6923c4ebc8130ac74c802e57d14de8e5e7be05b9e3006,INHERITED_HOLD_NUCLEUS,TRUE,HOLD,false,ACTIVE
components/CoherenceLattice/schema/totality/candidate_packet.v1.schema.json,100644,0b942ecf675a94897ed7b1cafabfc3affe6c776e,4491,c704337a1886f776898af7b84e1239aae9085323e2594da8b204507bf414733b,components/CoherenceLattice/schema/totality/candidate_packet.v1.schema.json,4491,c704337a1886f776898af7b84e1239aae9085323e2594da8b204507bf414733b,INHERITED_HOLD_NUCLEUS,TRUE,HOLD,false,ACTIVE
components/CoherenceLattice/schema/totality/grounding_bundle.v1.schema.json,100644,28a85dfc8adf220dd018373c333bb51b14be92fe,1662,9b87fd3c57bd2f6d1b4e1c2256d1740958fc2eb9024fe52ffeeab43d019996a2,components/CoherenceLattice/schema/totality/grounding_bundle.v1.schema.json,1662,9b87fd3c57bd2f6d1b4e1c2256d1740958fc2eb9024fe52ffeeab43d019996a2,INHERITED_HOLD_NUCLEUS,TRUE,HOLD,false,ACTIVE
components/CoherenceLattice/schema/totality/pmr_consent.v1.schema.json,100644,14bdc98e050c567e1d133ca39317dcdfa92a90aa,1874,b1dd7fd61eb8c27995c1ee47c4b7855d32cf4bc78446e6c1185c89e6ed5d5c6c,components/CoherenceLattice/schema/totality/pmr_consent.v1.schema.json,1874,b1dd7fd61eb8c27995c1ee47c4b7855d32cf4bc78446e6c1185c89e6ed5d5c6c,INHERITED_HOLD_NUCLEUS,TRUE,HOLD,false,ACTIVE
components/CoherenceLattice/schema/totality/quarantine_verification_receipt.v1.schema.json,100644,1fba98cc7a02f3277f3be7e5e8d4bbc7d5cdfe7d,2561,a5fae3b8a36317f69c66190dd901251776006ddf3fdbaf4cf6c2314695ff87e6,components/CoherenceLattice/schema/totality/quarantine_verification_receipt.v1.schema.json,2561,a5fae3b8a36317f69c66190dd901251776006ddf3fdbaf4cf6c2314695ff87e6,INHERITED_HOLD_NUCLEUS,TRUE,HOLD,false,ACTIVE
components/CoherenceLattice/schema/totality/request_envelope.v1.schema.json,100644,c547346be0295587c6c33063b0d3a8e085e8ca91,4132,efc6b63c4603307762096dcd201ad023a40f5421a00b75b64973c9a8d4ee2d3b,components/CoherenceLattice/schema/totality/request_envelope.v1.schema.json,4132,efc6b63c4603307762096dcd201ad023a40f5421a00b75b64973c9a8d4ee2d3b,INHERITED_HOLD_NUCLEUS,TRUE,HOLD,false,ACTIVE
components/CoherenceLattice/schema/totality/tel_event.v1.schema.json,100644,1c69d4bea55556ecacbc39e88d1ce0c046b71fe4,2817,2b89202bbd291ad902cd3b7d420a48b350ab048bf77a83dfe4e7f7057a852043,components/CoherenceLattice/schema/totality/tel_event.v1.schema.json,2817,2b89202bbd291ad902cd3b7d420a48b350ab048bf77a83dfe4e7f7057a852043,INHERITED_HOLD_NUCLEUS,TRUE,HOLD,false,ACTIVE
components/CoherenceLattice/schema/totality/tel_finalization_receipt.v1.schema.json,100644,ff10d77900c0ce6d5a15893dfd64f233ab554aa4,2031,02e112447170570d8d8f90e15bd0792e98734982cd27e1bac08a2134599ac679,components/CoherenceLattice/schema/totality/tel_finalization_receipt.v1.schema.json,2031,02e112447170570d8d8f90e15bd0792e98734982cd27e1bac08a2134599ac679,INHERITED_HOLD_NUCLEUS,TRUE,HOLD,false,ACTIVE
components/Sophia/AGENTS.md,100644,922c452cd4694c89c4315dda8717a469aaa2c607,1162,d9fc452858f25f9bd6019f79a3ef492f7edcae644c7db6ddb11207e76bf984fb,components/Sophia/AGENTS.md,1162,d9fc452858f25f9bd6019f79a3ef492f7edcae644c7db6ddb11207e76bf984fb,INHERITED_HOLD_NUCLEUS,TRUE,HOLD,false,ACTIVE
components/Sophia/README.md,100644,0cf0f69e3ed002a96089b0e4e6900a240f35c5df,6606,eea298690e6253c0a730c41f4afac03142cc21abf355023bcee0521f58faec31,components/Sophia/README.md,6606,eea298690e6253c0a730c41f4afac03142cc21abf355023bcee0521f58faec31,INHERITED_HOLD_NUCLEUS,TRUE,HOLD,false,ACTIVE
components/Sophia/docs/architecture/UVLM_TCC_ADR_001_SOPHIA_ADOPTION.md,100644,bcb462d35016c3f20aa1c9bff3bba46ccf7b9788,7736,3b150ba798c6e4b93c58c03fd422c724257a65e192e77e0e3a33858af873bdce,components/Sophia/docs/architecture/UVLM_TCC_ADR_001_SOPHIA_ADOPTION.md,7736,3b150ba798c6e4b93c58c03fd422c724257a65e192e77e0e3a33858af873bdce,INHERITED_HOLD_NUCLEUS,TRUE,HOLD,false,ACTIVE
components/Sophia/pyproject.toml,100644,1e41cccae37b5e86923a88f6185462b6e3087653,483,325dbc752a9941e004a1d82497ff4276db45524f894672e2459a9eee8d417980,components/Sophia/pyproject.toml,483,325dbc752a9941e004a1d82497ff4276db45524f894672e2459a9eee8d417980,INHERITED_HOLD_NUCLEUS,TRUE,HOLD,false,ACTIVE
components/Sophia/python/src/sophia/__init__.py,100644,a89a8559e34f40bf5e914e2d300523f897652bf8,32,812b7ecdb4fea0a1a98c148825ee1c6c6150652694a76b41333b216031f17d56,components/Sophia/python/src/sophia/__init__.py,32,812b7ecdb4fea0a1a98c148825ee1c6c6150652694a76b41333b216031f17d56,INHERITED_HOLD_NUCLEUS,TRUE,HOLD,false,ACTIVE
components/Sophia/python/src/sophia/triadic/__init__.py,100644,bc45563e64094bec401d79aa15e5ac26666abe64,55,d20755dd9130f58874c2aaaab95e105b57787610a3e88e7327823690902dfcc6,components/Sophia/python/src/sophia/triadic/__init__.py,55,d20755dd9130f58874c2aaaab95e105b57787610a3e88e7327823690902dfcc6,INHERITED_HOLD_NUCLEUS,TRUE,HOLD,false,ACTIVE
components/Sophia/python/src/sophia/triadic/totality_audit.py,100644,17f32998497cc4ded319b976e3f7c676a7edcb73,131321,f0b7bad0e5aeb956fbdae6dc82ac7fa96aad4e66b5f2ba995655822174c3f9d2,components/Sophia/python/src/sophia/triadic/totality_audit.py,131575,56fbbb19634a68b728704b290a186e0c476ddceae5516d3010b4740a7ecf22e2,RL02_UNICODE_PROVENANCE_COMMENT_ONLY,FALSE_RL02_PROVENANCE_COMMENT_ONLY,HOLD,false,ACTIVE
components/Sophia/schema/bridge/totality_audit_packet.v1.schema.json,100644,9fed6af1ee4393aa2cc2026dea46207374db3a36,10404,00d9f8d79a9ecea098a56ae0e6a738c37e6f538eaeb176a7daa5a4f7b140b6ab,components/Sophia/schema/bridge/totality_audit_packet.v1.schema.json,10404,00d9f8d79a9ecea098a56ae0e6a738c37e6f538eaeb176a7daa5a4f7b140b6ab,INHERITED_HOLD_NUCLEUS,TRUE,HOLD,false,ACTIVE
components/Sophia/tests/test_totality_audit.py,100644,8fbf6dfe6db2730d00a204874b33cc10c894ae1a,51195,4e828c4c38cb7aae7b7b8f68aa1eebb8d92bf3958a3a0a9dd49bf93b185c0b4d,components/Sophia/tests/test_totality_audit.py,51449,c38c13980aa8a60993b26c0cc42b0d8fa15bb1c48a1c9c5e9de0fe924fda04fd,RL02_UNICODE_PROVENANCE_COMMENT_ONLY,FALSE_RL02_PROVENANCE_COMMENT_ONLY,HOLD,false,ACTIVE
components/uvlm-publications/AGENTS.md,100644,da2926c7a129fac78c871231c3cc4cad1891b365,1208,891b3b93fd4ced83f72008671a9c4a9c7ca4dec65b67bb4f5a573e5b0be7c183,components/uvlm-publications/AGENTS.md,1208,891b3b93fd4ced83f72008671a9c4a9c7ca4dec65b67bb4f5a573e5b0be7c183,INHERITED_HOLD_NUCLEUS,TRUE,HOLD,false,ACTIVE
components/uvlm-publications/README.md,100644,c99b7189fef88ea087c71b2a317d2464a56ebae4,113533,b4003b45b7c18dfc5df4f26e71feab4b3b70f0fed4e116f2106b95bf4033aa35,components/uvlm-publications/README.md,113533,b4003b45b7c18dfc5df4f26e71feab4b3b70f0fed4e116f2106b95bf4033aa35,INHERITED_HOLD_NUCLEUS,TRUE,HOLD,false,ACTIVE
components/uvlm-publications/Start-Atlas.ps1,100644,6e46ac823f5d7c2aee54284f37428d835b5f3628,496,3c87deb93eb45ce9b7d1a323d0c2abd955070df3c12bf286a0382423aafe7b89,components/uvlm-publications/Start-Atlas.ps1,496,3c87deb93eb45ce9b7d1a323d0c2abd955070df3c12bf286a0382423aafe7b89,INHERITED_HOLD_NUCLEUS,TRUE,HOLD,false,ACTIVE
components/uvlm-publications/docs/architecture/UVLM_TCC_ADR_001_ATLAS_PUBLISHER_ADOPTION.md,100644,e0fa18d423b60902a7f093738f0235a830ba6ef0,5876,633ae69b15e18a00bbc80cc3a2be3950e789d2d1a42aa3396a30c977e522305f,components/uvlm-publications/docs/architecture/UVLM_TCC_ADR_001_ATLAS_PUBLISHER_ADOPTION.md,5876,633ae69b15e18a00bbc80cc3a2be3950e789d2d1a42aa3396a30c977e522305f,INHERITED_HOLD_NUCLEUS,TRUE,HOLD,false,ACTIVE
components/uvlm-publications/pyproject.toml,100644,b6d85a8a1d2016bc59fff70e173418adee60cf96,488,b856c6a26d44bd2287f4d2eff9a656aab323e349bf81c868769b3cc8bba6a4e5,components/uvlm-publications/pyproject.toml,488,b856c6a26d44bd2287f4d2eff9a656aab323e349bf81c868769b3cc8bba6a4e5,INHERITED_HOLD_NUCLEUS,TRUE,HOLD,false,ACTIVE
components/uvlm-publications/python/src/atlas/__init__.py,100644,e69de29bb2d1d6434b8b29ae775ad8c2e48c5391,0,e3b0c44298fc1c149afbf4c8996fb92427ae41e4649b934ca495991b7852b855,components/uvlm-publications/python/src/atlas/__init__.py,0,e3b0c44298fc1c149afbf4c8996fb92427ae41e4649b934ca495991b7852b855,INHERITED_HOLD_NUCLEUS,TRUE,HOLD,false,ACTIVE
components/uvlm-publications/python/src/atlas/triadic/__init__.py,100644,ef7dae84630dc1ecf92e4475fa66e0e08fb645e6,40,d123c787601271318db9c82bcbe1be1877e933ea2f19424bf3ff6a702062c312,components/uvlm-publications/python/src/atlas/triadic/__init__.py,40,d123c787601271318db9c82bcbe1be1877e933ea2f19424bf3ff6a702062c312,INHERITED_HOLD_NUCLEUS,TRUE,HOLD,false,ACTIVE
components/uvlm-publications/python/src/atlas/triadic/governed_posture.py,100644,5252c0febfc552e7ca2187e58387e459d4be720a,19396,87f797a709a4b48223325c01bbbf4a19a6b2155484f2731f12d9fd6339f49ae8,components/uvlm-publications/python/src/atlas/triadic/governed_posture.py,19396,87f797a709a4b48223325c01bbbf4a19a6b2155484f2731f12d9fd6339f49ae8,ADDITIONAL_INHERITED_ROUTE_DEPENDENCY,TRUE,HOLD,false,ACTIVE
components/uvlm-publications/python/src/atlas/triadic/governed_posture_explain.py,100644,419ef7787416d51f8b460fa5f189a1a31af5b875,13268,51e4faccf5baafd120136414e977c4eb7ff8c4a296bcf129417b6d34cd128076,components/uvlm-publications/python/src/atlas/triadic/governed_posture_explain.py,13268,51e4faccf5baafd120136414e977c4eb7ff8c4a296bcf129417b6d34cd128076,ADDITIONAL_INHERITED_ROUTE_DEPENDENCY,TRUE,HOLD,false,ACTIVE
components/uvlm-publications/python/src/atlas/triadic/human_review_ui.py,100644,33139418cb55d5f86519011ab53bf1754404926f,53498,411cc6a634ec49bce25a39af59334f999a56aaa34557f657f9465b91b4ffb802,components/uvlm-publications/python/src/atlas/triadic/human_review_ui.py,53498,411cc6a634ec49bce25a39af59334f999a56aaa34557f657f9465b91b4ffb802,ADDITIONAL_INHERITED_ROUTE_DEPENDENCY,TRUE,HOLD,false,ACTIVE
components/uvlm-publications/python/src/atlas/triadic/totality_posture.py,100644,0563658bc78a8f89a949ecf6dc2759699dc6cd63,60889,a3e90f785ae3eab965df4c5d84269e3c3267bc30694a7797340084ef057b3c87,components/uvlm-publications/python/src/atlas/triadic/totality_posture.py,61143,974b96c76616990db7578d44e18b3a9221a8f9c49510c5df2df369cb782f45ea,RL02_UNICODE_PROVENANCE_COMMENT_ONLY,FALSE_RL02_PROVENANCE_COMMENT_ONLY,HOLD,false,ACTIVE
components/uvlm-publications/python/src/atlas/triadic/usability_comparator_ui.py,100644,81db9b99e413bdb740ae0f742dfca49ebb6ceaa8,34998,14fe5e4e8e69c1d8079524dc5122b2d5cb6ea30ed553588185f2e025b7ea4cb6,components/uvlm-publications/python/src/atlas/triadic/usability_comparator_ui.py,34998,14fe5e4e8e69c1d8079524dc5122b2d5cb6ea30ed553588185f2e025b7ea4cb6,ADDITIONAL_INHERITED_ROUTE_DEPENDENCY,TRUE,HOLD,false,ACTIVE
components/uvlm-publications/tests/test_atlas_governed_posture.py,100644,648e4a9a9df75535322bf8808d075088d4929709,7203,b4a6d6ac8be35c34d900e26ca08596839e391c9f84a9f5a428a8e849ca786ecc,components/uvlm-publications/tests/test_atlas_governed_posture.py,7203,b4a6d6ac8be35c34d900e26ca08596839e391c9f84a9f5a428a8e849ca786ecc,ADDITIONAL_INHERITED_ROUTE_DEPENDENCY,TRUE,HOLD,false,ACTIVE
components/uvlm-publications/tests/test_atlas_human_review_ui.py,100644,e19431baa28754c220eefdde093fba986a7f60d3,17395,4db12bd3f471a69d82640cee7c72f04a719e735c1af0d5b1f55f45f77b8babad,components/uvlm-publications/tests/test_atlas_human_review_ui.py,17395,4db12bd3f471a69d82640cee7c72f04a719e735c1af0d5b1f55f45f77b8babad,INHERITED_HOLD_NUCLEUS,TRUE,HOLD,false,ACTIVE
components/uvlm-publications/tests/test_atlas_totality_posture.py,100644,52bba502025b8df41101b86254731da9d109082c,55580,877dcf270a3aba3640ea7f90aa84341ced9d350f665416a74e8faf7d6cdc339f,components/uvlm-publications/tests/test_atlas_totality_posture.py,55834,f368a7eb905349d25d7d7bef905870a83ee6bbdedbaf16cb3c645847e1ece8b8,RL02_UNICODE_PROVENANCE_COMMENT_ONLY,FALSE_RL02_PROVENANCE_COMMENT_ONLY,HOLD,false,ACTIVE
integration/tests/test_prepare_totality_task.py,100644,fa76332cbc9954b1f55a3c6668791e6f19bad698,14344,e170f49790ffe7f0a4a2bc9331bbe4eeba4f96f95a16e87a23d0d7df3a3e7411,integration/tests/test_prepare_totality_task.py,14344,e170f49790ffe7f0a4a2bc9331bbe4eeba4f96f95a16e87a23d0d7df3a3e7411,INHERITED_HOLD_NUCLEUS,TRUE,HOLD,false,ACTIVE
integration/tools/RUN_PRODUCT_TASK_01.cmd,100644,306d9919e95299711adfe3effdf697bfbbcdb0cc,194,9f16e8701072787668a4bd5372c01d231936b9fb6126c3304aa993f2b2b9d53a,integration/tools/RUN_PRODUCT_TASK_01.cmd,194,9f16e8701072787668a4bd5372c01d231936b9fb6126c3304aa993f2b2b9d53a,INHERITED_HOLD_NUCLEUS,TRUE,HOLD,false,ACTIVE
integration/tools/START_THOMAS_REVIEW.cmd,100644,daea51803f724143231e5dbb793a48f1fc7e4f2b,206,a6781bc64b696e66cc96df99d2b9dcaed2ed17996f5933f785cf144ea95e9985,integration/tools/START_THOMAS_REVIEW.cmd,206,a6781bc64b696e66cc96df99d2b9dcaed2ed17996f5933f785cf144ea95e9985,INHERITED_HOLD_NUCLEUS,TRUE,HOLD,false,ACTIVE
integration/tools/launch_totality_human_comparison.py,100644,33f8b6e7ede1559874bafee2df293712be9a95f5,43277,d038e6d93cd4f05c1a434bf407660b667196e7257ba94ae7971df533ad75eba2,integration/tools/launch_totality_human_comparison.py,43277,d038e6d93cd4f05c1a434bf407660b667196e7257ba94ae7971df533ad75eba2,INHERITED_HOLD_NUCLEUS,TRUE,HOLD,false,ACTIVE
integration/tools/prepare_totality_task.py,100644,3f47e6ce15a0d1ca12c3ee8ec7be1b7992bf1fbd,21580,cc4c2bd20856dff24375a5529a7f9dc933dd5506dde21fdf1ad321d727c210e0,integration/tools/prepare_totality_task.py,21580,cc4c2bd20856dff24375a5529a7f9dc933dd5506dde21fdf1ad321d727c210e0,INHERITED_HOLD_NUCLEUS,TRUE,HOLD,false,ACTIVE
integration/tools/run_substantive_totality_task.py,100644,ad4f8026df8ddd739e2a3504e22a1719a3941c0a,20437,53946ae75876c17110680c32ea76477499211b5d4ba126a7ca9f9189014add1d,integration/tools/run_substantive_totality_task.py,20437,53946ae75876c17110680c32ea76477499211b5d4ba126a7ca9f9189014add1d,INHERITED_HOLD_NUCLEUS,TRUE,HOLD,false,ACTIVE
integration/tools/run_totality_product_route.py,100644,153a724e4e95ed053b9db5f66459fa49736fecdd,38097,5dd2c6a5656170c69085b24af2a4499ace4fa1a488cec3c37a7d2e1d43d18697,integration/tools/run_totality_product_route.py,38097,5dd2c6a5656170c69085b24af2a4499ace4fa1a488cec3c37a7d2e1d43d18697,INHERITED_HOLD_NUCLEUS,TRUE,HOLD,false,ACTIVE
validation/triadic_brain_totality_repair_inputs_v1/PRODUCT_TASK_01_PROFILE.json,100644,2782ac6ec861eed97655424b4e8be23642dab705,13668,585049829dd6595a4bf46cabb050f0e31bf6282494eed81a81b92a880b57b6d9,validation/triadic_brain_totality_repair_inputs_v1/PRODUCT_TASK_01_PROFILE.json,13668,585049829dd6595a4bf46cabb050f0e31bf6282494eed81a81b92a880b57b6d9,INHERITED_HOLD_NUCLEUS,TRUE,HOLD,false,ACTIVE
validation/triadic_brain_totality_repair_inputs_v1/PRODUCT_TASK_01_USABILITY_COMPARATOR_TEMPLATE.json,100644,4b69609fb44b4b2b285419aa3b19f68bb322851e,2636,352ae20b0c19f5c9aba27fed9e34d1e81b0ea607ee586cff317871e86f2f5bc4,validation/triadic_brain_totality_repair_inputs_v1/PRODUCT_TASK_01_USABILITY_COMPARATOR_TEMPLATE.json,2636,352ae20b0c19f5c9aba27fed9e34d1e81b0ea607ee586cff317871e86f2f5bc4,INHERITED_HOLD_NUCLEUS,TRUE,HOLD,false,ACTIVE
